group,label,record,c,lo,hi,n,e,imputed,rob,se,y,v,ci_lo,ci_hi
UKPDS_RE,Yew 2019 Malaysia,17848,0.574,,,660.0,20.0,Yes,High,0.2767,0.2982,0.0766,0.4392,0.6986
UKPDS_RE,Yaghoubvand 2021 Iran,16555,0.51,0.31,0.7,557.0,,No,High,0.4203,0.04,0.1766,0.3135,0.7034
UKPDS_RE,Davis 2009 Australia,21901,0.86,0.78,0.93,791.0,,No,High,0.337,1.8153,0.1136,0.7604,0.9224
UKPDS_RE,Bannister 2014 UK (women),19798,0.73,,,35000.0,1190.0,Yes,Unclear,0.0428,0.9946,0.0018,0.7132,0.7462
UKPDS_RE,Bannister 2014 UK (men),19798,0.71,,,44966.0,1529.0,Yes,Unclear,0.0367,0.8954,0.0013,0.695,0.7246
UKPDS_RE,Yang 2007 Hong Kong,22187,0.588,0.549,0.627,7209.0,372.0,No,Unclear,0.0823,0.3557,0.0068,0.5484,0.6265
UKPDS_RE,Ho 2023 USA,7097,0.55,,,45510.0,2390.0,No,Unclear,0.0251,0.2007,0.0006,0.5378,0.5621
UKPDS_OM2,Basu 2018 MESA,1911,0.6,,,1555.0,89.0,No,High,0.1356,0.4055,0.0184,0.5349,0.6618
UKPDS_OM2,Basu 2018 JHS,1911,0.6,,,1746.0,142.0,No,High,0.1084,0.4055,0.0118,0.5481,0.6498
UKPDS_OM2,Yang 2024 Taiwan NCKUH,4358,0.6498,,,11740.0,587.0,Yes,Unclear,0.0552,0.6182,0.0031,0.6248,0.674
UKPDS_OM2,Yang 2024 Taiwan NTUH,4358,0.6496,,,20313.0,1016.0,Yes,Unclear,0.042,0.6173,0.0018,0.6307,0.6681
UKPDS_OM2,Ho 2023 USA,7097,0.61,,,45510.0,2390.0,No,Unclear,0.0263,0.4473,0.0007,0.5977,0.6222
UKPDS_OM2,Laxy 2019 Germany,17166,0.57,0.47,0.66,456.0,,No,High,0.1999,0.2819,0.0399,0.4726,0.6623
RECODe,Basu 2018 MESA,1911,0.75,,,1555.0,89.0,No,High,0.1626,1.0986,0.0264,0.6857,0.8049
RECODe,Basu 2018 JHS,1911,0.72,,,1746.0,142.0,No,High,0.1237,0.9445,0.0153,0.6686,0.7662
RECODe,Yang 2024 Taiwan NCKUH,4358,0.6579,,,11740.0,587.0,Yes,Unclear,0.0557,0.6539,0.0031,0.6329,0.682
RECODe,Yang 2024 Taiwan NTUH,4358,0.7001,,,20313.0,1016.0,Yes,Unclear,0.0446,0.8478,0.002,0.6814,0.7181
RECODe,Ho 2023 USA,7097,0.61,,,45510.0,2390.0,No,Unclear,0.0263,0.4473,0.0007,0.5977,0.6222
NewReg,Quan 2019 HK-Singapore (external),144,0.695,0.69,0.699,386425.0,,No,Low,0.0108,0.8236,0.0001,0.6905,0.6995
NewReg,Yu 2018 UK (external),397,0.7098,0.6875,0.7321,1121.0,56.0,No,High,0.0553,0.8944,0.0031,0.687,0.7316
NewReg,Wells 2013 USA (10-fold CV),3421,0.688,,,26140.0,1451.0,No,Unclear,0.0368,0.7908,0.0014,0.6723,0.7033
NewReg,Shao 2023 China (5-year),14637,0.72,,,9844.0,295.0,Yes,High,0.0846,0.9445,0.0072,0.6854,0.7522
NewReg,Kim 2020 Korea (validation),17005,0.703,0.698,0.708,389139.0,,No,High,0.0122,0.8616,0.0001,0.698,0.708
NewReg,Li 2018 Taiwan (5-year),17975,0.71,,,9374.0,1076.0,No,Unclear,0.0448,0.8954,0.002,0.6916,0.7277
NewReg,Yang 2007 Hong Kong (test),22187,0.77,,,3604.0,186.0,Yes,Unclear,0.1163,1.2083,0.0135,0.7272,0.8079
ML,Dworzynski 2020 Denmark GB,4073,0.72,0.7,0.74,,,No,Low,0.0507,0.9445,0.0026,0.6995,0.7396
ML,Abas 2025 Malaysia LightGBM,11727,0.74,,,17698.0,56.0,Yes,High,0.1988,1.046,0.0395,0.6584,0.8078
ML,US claims 2026 XGBoost,4500,0.8,,,80000.0,1600.0,Yes,Unclear,0.0418,1.3863,0.0017,0.7866,0.8128
ML,Nicolucci 2022 Italy XGBoost,15304,0.846,,,7852.0,300.0,Yes,High,0.1089,1.7036,0.0119,0.8161,0.8718
