group,omitted,k,C,lo,hi,I2
NewReg,None (all studies),7,0.704,0.687,0.72,71.554
NewReg,Quan 2019 HK-Singapore (external),6,0.709,0.685,0.732,65.419
NewReg,Yu 2018 UK (external),6,0.706,0.682,0.728,75.274
NewReg,Wells 2013 USA (10-fold CV),6,0.708,0.688,0.727,73.636
NewReg,Shao 2023 China (5-year),6,0.703,0.684,0.72,74.554
NewReg,Kim 2020 Korea (validation),6,0.709,0.682,0.734,71.219
NewReg,Li 2018 Taiwan (5-year),6,0.706,0.681,0.729,74.617
NewReg,Yang 2007 Hong Kong (test),6,0.7,0.691,0.709,55.328
ML,None (all studies),4,0.782,0.673,0.862,95.406
ML,Dworzynski 2020 Denmark GB,3,0.803,0.653,0.899,81.706
ML,Abas 2025 Malaysia LightGBM,3,0.792,0.597,0.907,96.889
ML,US claims 2026 XGBoost,3,0.775,0.545,0.908,94.995
ML,Nicolucci 2022 Italy XGBoost,3,0.757,0.619,0.857,95.638
RECODe,None (all studies),5,0.684,0.613,0.747,95.123
RECODe,Basu 2018 MESA,3,0.656,0.536,0.76,96.812
RECODe,Yang 2024 Taiwan NCKUH,3,0.691,0.483,0.843,93.353
RECODe,Ho 2023 USA,4,0.7,0.638,0.756,76.47
UKPDS_RE,None (all studies),7,0.658,0.53,0.767,98.539
UKPDS_RE,Yew 2019 Malaysia,6,0.67,0.516,0.794,98.78
UKPDS_RE,Yaghoubvand 2021 Iran,6,0.673,0.531,0.79,98.778
UKPDS_RE,Davis 2009 Australia,6,0.628,0.526,0.72,98.737
UKPDS_RE,Bannister 2014 UK (women),5,0.627,0.417,0.798,84.602
UKPDS_RE,Yang 2007 Hong Kong,6,0.671,0.514,0.797,98.769
UKPDS_RE,Ho 2023 USA,6,0.678,0.53,0.797,92.186
UKPDS_OM2,None (all studies),6,0.624,0.594,0.654,73.371
UKPDS_OM2,Basu 2018 MESA,4,0.631,0.585,0.675,82.693
UKPDS_OM2,Yang 2024 Taiwan NCKUH,4,0.609,0.589,0.627,0.0
UKPDS_OM2,Ho 2023 USA,5,0.63,0.591,0.667,48.307
UKPDS_OM2,Laxy 2019 Germany,5,0.627,0.595,0.659,77.176
