study,record,rob_participants,rob_predictors,rob_outcome,rob_analysis,app_participants,app_predictors,app_outcome
Quan 2019,144,Low,Low,Low,Low,Low,Low,Unclear
Yu 2018,397,Unclear,Low,Unclear,High,Low,Low,Unclear
Basu 2018,1911,Low,Low,Low,High,Low,Low,Low
Wells 2013,3421,Low,Low,Low,Unclear,Unclear,Low,Unclear
Dworzynski 2020,4073,Low,Low,Low,Low,Low,Unclear,Low
Andres-Rebollo 2025,4179,Low,Low,Unclear,High,Low,Low,Unclear
Dziopa 2022,4205,Low,Low,Unclear,Unclear,Low,Low,Unclear
Yang 2024,4358,Unclear,Unclear,Low,Low,Unclear,Unclear,Low
McCoy 2026,4500,Low,Low,Unclear,Unclear,Low,Low,Unclear
Ho 2023,7097,Low,Unclear,Low,Unclear,Low,Unclear,High
Abas 2025,11727,Low,Low,Unclear,High,Low,Low,Unclear
Shao 2023,14637,Low,Low,Low,High,Low,Low,Low
Nicolucci 2022,15304,Unclear,Low,Unclear,High,Low,Low,Unclear
Yaghoubvand 2021,16555,Low,Low,Low,High,Low,Low,Low
Kim 2020,17005,Low,Low,Low,High,Low,Low,Low
Laxy 2019,17166,Unclear,Low,Low,High,Unclear,Low,Low
Yew 2019,17848,Low,Unclear,Low,High,Low,High,Low
Li 2018,17975,Low,Low,Low,Unclear,Low,Low,Low
McEwan 2015,19629,Low,Low,Low,High,Low,Low,Low
Bannister 2014,19798,Unclear,Low,Low,Low,Unclear,Low,Low
Davis 2009,21901,Low,Low,Low,High,Low,Low,Low
Yang 2007,22187,Low,Low,Low,Unclear,Low,Low,Low
